Bullet Storm.png	https://img.game8.co/4265644/728dfe6457dc028d837dbac8537c6ac3.png/show
Discombobulate.png	https://img.game8.co/4265638/4eef765cf02bfa458186fc6575a0f1d7.png/show
Forged In Steel.png	https://img.game8.co/4265645/707ec043198739bc05df389d7f64dbb3.png/show
Gut Punch.png	https://img.game8.co/4265639/4f6c053d7f8dde612c372c199f27fdb3.png/show
Heavy Plate.png	https://img.game8.co/4265642/645cdf64e516c7f1882dd51ee1b7bfca.png/show
Impetus.png	https://img.game8.co/4265648/84eed123474cc6a4f660c54e34069f7b.png/show
Metal Urge.png	https://img.game8.co/4265641/c014c6f7173c88ecaa7b244f1eed6863.png/show
Pyroclast.png	https://img.game8.co/4265636/a34513a12aae36e1d2dd1cdac4ff9707.png/show
The Best Defense.png	https://img.game8.co/4265649/a3f5d08991e702b641ad8aaa8b6c198b.png/show
Thermal Diffusion.png	https://img.game8.co/4265643/1a3f575af9790a64e52c95d55e50ad21.png/show
Tritanium Knuckles.png	https://img.game8.co/4265637/5ff82767a25d7b141fb6f33d218bf7fc.png/show
What Burns Within.png	https://img.game8.co/4265640/4b9e3ce11ea9fc899bcd39ff71ef774b.png/show
Wield the Storm.png	https://img.game8.co/4265647/d9e87cc1c46ccb0ca84b201144fe444b.png/show
Axe and Stone.png	https://img.game8.co/4265740/e9f49fc3430bfe338965a3d551e0db44.png/show
Bellows.png	https://img.game8.co/4265743/9f1daa71cc6f5e47e356b49678d88e8d.png/show
Bolt Action.png	https://img.game8.co/4265749/dd64a49a749a88dadee68912137a2d64.png/show
Cast Iron.png	https://img.game8.co/4265735/4032df431e5f32c5e72e61d74c902632.png/show
Destruction Engine.png	https://img.game8.co/4265738/9753add2d768bb000dd93d65a345922b.png/show
Endless War.png	https://img.game8.co/4265739/e0680f60261fcb8002569fa7b1c2f1dd.png/show
Executioner.png	https://img.game8.co/4265736/c6da50e8ab2ad087431af746ddaf8a92.png/show
Gathering Storm.png	https://img.game8.co/4265737/730eca8d130a8ed0edb72e697bc45f0e.png/show
Get The Lead Out.png	https://img.game8.co/4265733/9c8e157c04c5dc95428b44ea05d8b38c.png/show
Herald's Call.png	https://img.game8.co/4265742/b2c360d1c6a52c74e27ddd5e9cd4326d.png/show
Tempered Pyre.png	https://img.game8.co/4265734/0c4290557081efb5c82e2d28b1f38320.png/show
Twin Tempers.png	https://img.game8.co/4265741/5711b2e729d2d25d88398c07375a4da6.png/show
Vital Organs.png	https://img.game8.co/4265751/71da8d7ddb733ac7aae26c6a163fc461.png/show
Ancient Ways.png	https://img.game8.co/4265694/3560f1aadd87cfd1f3c7486b32f79906.png/show
Battleborn.png	https://img.game8.co/4265690/5981b382606c3352dcd68b0fb7d5956c.png/show
Blastchill.png	https://img.game8.co/4265689/565287117e7aadae0a0eb5d257b918bc.png/show
Bullet Hail.png	https://img.game8.co/4265686/f784a4a8858883392ce73591fdf7d5ff.png/show
Cryonic Thrum.png	https://img.game8.co/4265692/aa9bb30597b20196b901c7686f0886f1.png/show
Eternal.png	https://img.game8.co/4265691/a4531e18403559a618f84ab9fa79e6d2.png/show
Machinist.png	https://img.game8.co/4265698/f83cb4633ad1f02b7ede7ff1768d2f90.png/show
Scar Tissue.png	https://img.game8.co/4265688/1a2e304911b4415dec804f1d263771d7.png/show
Scorched Kairos.png	https://img.game8.co/4265693/ee6dddeaf9a3aa4469ab160be127bbf2.png/show
Tail of the Comet.png	https://img.game8.co/4265687/ccdb82818640390c809449d43466d809.png/show
The Thrill (Amon).png	https://img.game8.co/4265685/5e01ba9c14d340eeb7db5d4b7f498797.png/show
Warrior's Cup.png	https://img.game8.co/4265699/6e281d778298f57347d55f8cdd66ecc3.png/show
Wrath of Nature.png	https://img.game8.co/4265684/adea3b96cd97a4b03a050d17d9e90015.png/show
Berserk.png	https://img.game8.co/4265650/021a7ac6d8ae2a099bd9d362ef976cd2.png/show
Bloodlust.png	https://img.game8.co/4265651/dc02b8703dffcf4c177818e1ac9786f2.png/show
Brimming Vigor.png	https://img.game8.co/4265652/373f13ff8e804df3fa4b6bb81a5fc3f6.png/show
Fellfrost.png	https://img.game8.co/4265646/46619a71cc7717d26b581da8a729dea4.png/show
Hoarcleave.png	https://img.game8.co/4265657/31cefa1f2b724088f81f3a6ea738ed58.png/show
My Touch Is Death.png	https://img.game8.co/4265656/d6c0bccfd11dac10156ae7db77366419.png/show
Rimebreak.png	https://img.game8.co/4265654/9f0502579ce880e371606958027caec1.png/show
There Is Only Red.png	https://img.game8.co/4265653/d61346cf6414e6ca371642d893c2d7e2.png/show
Cacophony.png	https://img.game8.co/4265757/843d928f39fea9acb2932d841e77c3b2.png/show
Endless Bombardment.png	https://img.game8.co/4265764/906f164e4aa2ccd6ef2104aefdade00a.png/show
Hour of the Hammer.png	https://img.game8.co/4265746/57590a8ff0a05bfabf02d8c78341e556.png/show
Masterwork.png	https://img.game8.co/4265766/e2fc2d54214b4df17d65dbaabd1906be.png/show
Ordained Hammer.png	https://img.game8.co/4265763/f3bbe3ab0e243d6ae63a66900afe82d9.png/show
Snowmaul.png	https://img.game8.co/4265762/89a3b07999cb2e3c6b2482c31ac23751.png/show
Stoked.png	https://img.game8.co/4265744/1af775f8a675a1c5f3d3ae8b55daf045.png/show
Tempered Ice.png	https://img.game8.co/4265767/700ca2536811b454f8162648f65f9389.png/show
Ballistic Bulwark.png	https://img.game8.co/4265701/c2bebca81cf3728643d3ad1a1cbd7f19.png/show
Burning Rage.png	https://img.game8.co/4265700/d0a145109962478188872de6d090739c.png/show
Cooling Mantle.png	https://img.game8.co/4265704/ab0421272cbc3e6b8f6b6c96fc774fb1.png/show
Disco Infernus.png	https://img.game8.co/4265696/93ede3d7264cbb43e267737c9aa9e9c0.png/show
Molten Rebuke.png	https://img.game8.co/4265695/da2eddc97ffebcd8ed49aefa655a4797.png/show
Ring of Frostfire.png	https://img.game8.co/4265712/32337b1c9452f1f37baf2d4933913c05.png/show
Wildfire.png	https://img.game8.co/4265702/8eeca5c0a9021cc42ad55a457f551714.png/show
Worldbreaker.png	https://img.game8.co/4265697/cfb2179b536f31e01179088c75462458.png/show
Burning Ramparts.png	https://img.game8.co/4265658/bdd3c55d4f98d055cda346e4be69a419.png/show
Force of Nature.png	https://img.game8.co/4265661/8f09599233abba02804585a383112dec.png/show
Harbinger.png	https://img.game8.co/4265670/3fbadff713309e0020c160a75fe5ad7d.png/show
Into the Fray.png	https://img.game8.co/4265663/b21f2e369209cfe73333cfb4315b9f12.png/show
Maiming Strike.png	https://img.game8.co/4265655/b1138625094a8a304ce90b657f284ade.png/show
Molten Roil.png	https://img.game8.co/4265667/43fb7cffcca562e5ccd9d79e46312145.png/show
Mortal Flare.png	https://img.game8.co/4265665/9543bdf141f8f807b0aab01958f897d0.png/show
Rearm.png	https://img.game8.co/4265666/edf50fd5887dfa654c729d85f0634cdd.png/show
Armor of Contempt.png	https://img.game8.co/4265759/1148a7abb5a4bce2e9c03c6d4c5b7d8c.png/show
Blade Tempest.png	https://img.game8.co/4265765/e1d0a1057db646cdbeaaac51b1a16bec.png/show
Blast Furnace.png	https://img.game8.co/4265756/b44ebb6013e311412f57b474a3c8ea6e.png/show
Escalation.png	https://img.game8.co/4265747/0ad60ef95de21e66b90a9d4f2402eda7.png/show
Honed Point.png	https://img.game8.co/4265748/83a5a2b0175b74bd9b9a1f044e678300.png/show
Lightning Rod.png	https://img.game8.co/4265768/78b06cc2a78fb9e8485b81d24dd2edf3.png/show
Storm Surge.png	https://img.game8.co/4265752/0711ac9810ba2ca85585d92f18ca59e0.png/show
Tempered Lightning.png	https://img.game8.co/4265745/368e8189b2156e532855f0db7b30f290.png/show
Age of Ice.png	https://img.game8.co/4265714/d5a46ae0e2d68aa26cc53394bee5596c.png/show
Caroming Shard.png	https://img.game8.co/4265708/af190067d684e35cc88019be6fe172e0.png/show
Eternal Winter.png	https://img.game8.co/4265716/b177d005b78c98ff8478d720004ec4dd.png/show
Glacial Rapture.png	https://img.game8.co/4265719/44d03c1495ca9a06d2e865d48f2e0817.png/show
Icy Rage.png	https://img.game8.co/4265717/63bc51bfa7a42e34324bf5156bc26fa2.png/show
Northern Wind.png	https://img.game8.co/4265707/73503cfd326a511b2dc7572c67122216.png/show
Primal Surge.png	https://img.game8.co/4265703/29d0393e625f86dd2e4593f18bb3fd1c.png/show
Winter's Kiss.png	https://img.game8.co/4265705/6111ecbf693917bfa3a4b9650e0bf5de.png/show
Catastrophe.png	https://img.game8.co/4265659/d7253f9a1eb9fb71039ca8473c4cee27.png/show
Crackling Aegis.png	https://img.game8.co/4265668/7888291ced2b52f5ce2e224e5c8d9bb8.png/show
Dragon's Breath.png	https://img.game8.co/4265664/0ab89822912f498ac3897151f3cf5387.png/show
Electrical Fire.png	https://img.game8.co/4265662/826395d98b3d65c57261f9ca9616aedd.png/show
Fists of Stone.png	https://img.game8.co/4265671/8f8e84af3a709d6aafe59d19334f9d1b.png/show
Fulminating Fist.png	https://img.game8.co/4265669/a5c427f6d2858796d815fde48629b5f2.png/show
Judgment.png	https://img.game8.co/4265660/43c2baae677c56a3b346d928a788488b.png/show
Stormcutter.png	https://img.game8.co/4265672/401c2133c6dac5b073ef98202b493cbf.png/show
Conflangarang.png	https://img.game8.co/4265732/b60e4c70ffc14879a45411aadb7c124a.png/show
Freezer Burn.png	https://img.game8.co/4265754/bc09b14382098f01243267258144af52.png/show
Permafrost.png	https://img.game8.co/4265750/8fd4f53142e986c436b447191e35e8ff.png/show
Raging Inferno.png	https://img.game8.co/4265755/9e50a60cfb40816a4bcadd91ab645c73.png/show
Reactive Armor.png	https://img.game8.co/4265761/67ee21ac1885823eed62f7a1ce704bc0.png/show
Reverse Explosion.png	https://img.game8.co/4265758/d98083fe67d6b4393338d6f06b71baf9.png/show
Searing Cold.png	https://img.game8.co/4265753/936e78d7b92288adaa9f5693435fda92.png/show
Wildheart.png	https://img.game8.co/4265760/a7ffae74af55842b3e7b8718f6c26481.png/show
Blackout.png	https://img.game8.co/4265706/3caccf53aaf5c3685edbe4bb3b83cd53.png/show
High Voltage.png	https://img.game8.co/4265718/fddd3f0ac8d9571f821d0d2ae4d85c2e.png/show
Smelter.png	https://img.game8.co/4265710/262fc2b558fbd7674e5881b02461159c.png/show
Stormlance.png	https://img.game8.co/4265711/754006ac3bd6eb337a0bfbd78cc37f68.png/show
Strike the Anvil.png	https://img.game8.co/4265720/56556e51b1c034ef7821153f955539ea.png/show
Tactician.png	https://img.game8.co/4265709/0f3338d20668cd2bcef3d81603cdd892.png/show
Thunderous Rage.png	https://img.game8.co/4265713/4dfdd30e83d559956ff1a6dc9fc5b6a1.png/show
Wrathfall.png	https://img.game8.co/4265715/4a57e31f3ce7df66a1407d86d9986ab0.png/show
Absolute Zero.png	https://img.game8.co/4265897/7bfcee8a8dc8784da479044834222aee.png/show
Action at a Distance.png	https://img.game8.co/4265890/7bfc3f2fb7ae2341f251f0f1756555f2.png/show
Blue Giant.png	https://img.game8.co/4265887/73d7e291988d1527ab145f73a5d9decf.png/show
Confirmative Reality.png	https://img.game8.co/4265898/c65f3ea00131a5abd115052093a217d1.png/show
Coronal Mass Ejection.png	https://img.game8.co/4265893/5dae478f075416e421fad75a03f6f1ec.png/show
Creative Overflow.png	https://img.game8.co/4265895/554b04eb8b3d63a1991c5ef33f4b2b67.png/show
Heat Death.png	https://img.game8.co/4265896/6360e8d601a6c0d2586cd06bed45f082.png/show
Mains Hum.png	https://img.game8.co/4265891/66a69332464001d8cf7b3208b46bba0f.png/show
Mass Function.png	https://img.game8.co/4265889/e4659331b9a88aa7d42e3afba3b30e7c.png/show
Momentum.png	https://img.game8.co/4265892/61c9d83cb0657e1c7c0ff3a03aa5734a.png/show
Neutron Decay.png	https://img.game8.co/4265888/73d1529b9f69d681224162bf090a0eda.png/show
Personal Observation.png	https://img.game8.co/4265886/4254e4f19cafee1fb4c0d15422abce2b.png/show
Resonance Cascade.png	https://img.game8.co/4265894/f1a71e693f19998e7f301db498a7bfb0.png/show
Bleeding Edge.png	https://img.game8.co/4265796/910650504424410d98b4b641bfaf7896.png/show
Cyclotron.png	https://img.game8.co/4265790/ed2af2ef9106d5116320f2c7bc30a7b4.png/show
Elementary.png	https://img.game8.co/4265795/86bfe14540db186d831e12d724eaeb53.png/show
Elephant's Foot.png	https://img.game8.co/4265800/c287ec58a35b30b625eb15fe357af5c8.png/show
Enriched.png	https://img.game8.co/4288761/1aaa03b996d44cbf05f007abe6491246.png/show
Field-Ready Prototype.png	https://img.game8.co/4265797/85ec48481581185d157e538ff55857e6.png/show
Fuzzy Math.png	https://img.game8.co/4280265/b08a75216008bc7cc504a0f8a54806c9.png/show
Get Up and Go.png	https://img.game8.co/4265798/0fd50638b10ad5eadc80987bc4a9521e.png/show
Great Red DoT.png	https://img.game8.co/4265804/49d5c503ca80be989559742469ab59ba.png/show
Neutron Capture.png	https://img.game8.co/4265799/8e7891157d8861e2a05fadae31ce99c4.png/show
PPE.png	https://img.game8.co/4265794/88ed0b1a8a887be4d16e186ef722bdee.png/show
Test Subjects.png	https://img.game8.co/4265792/9eb77acbc39133ed6d8712ec0f996bfb.png/show
Voidstar.png	https://img.game8.co/4265793/049b0f51be7a7ceeafbdfb2a9c80b32c.png/show
Bright Future.png	https://img.game8.co/4265853/64ee1f4bdc8f4a1e7412e824a1f983f2.png/show
Cryodynamics.png	https://img.game8.co/4265864/ae6b46bf26c4812cfd7992df72542353.png/show
Make Extraordinary.png	https://img.game8.co/4265856/1207eb0c98afcc7da46b2e82afb51b93.png/show
Negative Entropy.png	https://img.game8.co/4265852/de8c8b2e4dd51616ffd4da69f5498bd0.png/show
Parallel Circuit.png	https://img.game8.co/4265854/72e2aec77e07c2551f15a89bda007b11.png/show
Peer Review.png	https://img.game8.co/4265858/db8eb0399323577e5559c0e45e239195.png/show
Periodic Table Flip.png	https://img.game8.co/4265851/5aee65bbb4fb28adb7f4955a8f3c915a.png/show
Pulse Drive.png	https://img.game8.co/4265849/390941f6bfbc79cbf8d375d83059aa9a.png/show
Quantum Immortality.png	https://img.game8.co/4265848/5ad4616d3a4e8ba085c32a54b043d3e0.png/show
Ripple Effect.png	https://img.game8.co/4265857/e125eeb3747baf464c865f37319c7296.png/show
Strange Attractor.png	https://img.game8.co/4265850/69125f22a3132b271a66ba8ef8217530.png/show
Too Coolant For Schoolant.png	https://img.game8.co/4265855/f57ae0849905eb72c957c726c102517c.png/show
Blue Shift.png	https://img.game8.co/4265900/54abb921dd7161cda110ee3e61044d6d.png/show
Decoherence.png	https://img.game8.co/4265899/335fe141a25f7b00c32e6e427e5fc751.png/show
Feedback Loop.png	https://img.game8.co/4288759/1e42163880abbf157f6ca2c4b09b5f87.png/show
Latent Charge.png	https://img.game8.co/4265907/1730b98eb2a14426358e8024d50fe2f3.png/show
Potential Transference.png	https://img.game8.co/4265915/3d24666086dc37feebf0dee7df8a759c.png/show
Runaway Reaction.png	https://img.game8.co/4265908/f877269960f061feca4d7407d41b15f0.png/show
Unified Theory.png	https://img.game8.co/4265901/7201bebf2ac1c9714e7df4b5ffc5a938.png/show
Break the Ice.png	https://img.game8.co/4265805/83bc5150709643c69f6b657b1e4c6559.png/show
Carry the One.png	https://img.game8.co/4265801/b735900e81abedcdfa865a38f0a8901f.png/show
Cold Welding.png	https://img.game8.co/4265806/7b89611950dd9b9d6bd55f8cf9d81788.png/show
Core Sample.png	https://img.game8.co/4265807/e8f3d31c9217d50dd31be22caaafc9ac.png/show
Field Research.png	https://img.game8.co/4265802/a0fc12a4cad04282d3f04bcc6b412130.png/show
Opposing Force.png	https://img.game8.co/4265817/b50e868e49e6dfc81e8ba3187f37fd2c.png/show
Practical Applications.png	https://img.game8.co/4265808/a5e04565e798c3ac287664be678c8f7c.png/show
Q-Ball.png	https://img.game8.co/4265803/2eaaf9938dca7c6a4db60be16abc6fdd.png/show
Concurrence.png	https://img.game8.co/4265859/9e369129d3d2787a7a3ac67a8e16b271.png/show
Control Group.png	https://img.game8.co/4265860/8ea7935ff58efec3cff83d7fb1a5e645.png/show
Falling Bodies.png	https://img.game8.co/4265873/5944d6dfc613ecaf1bb54f43e254887a.png/show
Force of Will.png	https://img.game8.co/4265861/509092718e1f1ee1d6bbeea27555a9f0.png/show
Freeze Frame.png	https://img.game8.co/4265863/14f2ce2dcc5b72ade8bcaf38069dc163.png/show
Slingshot.png	https://img.game8.co/4265865/382bcf83f98504ef84f884f0e18e3981.png/show
Stun Lock.png	https://img.game8.co/4265880/5c0771aa6b787cd7c840946445f4717b.png/show
Wildcat Destabilization.png	https://img.game8.co/4265862/1742d94189a246f941cade793da87327.png/show
Critical Funding.png	https://img.game8.co/4265913/fa53f439e01663674f0d9a2ab60a6e94.png/show
Exposed Core.png	https://img.game8.co/4265914/d4aac94bbd1c2e2944a9f6e621a2e103.png/show
Gamma Ray Burst.png	https://img.game8.co/4265912/5fce864ac4abd5b64a778bd97c5da0d7.png/show
Harlowe's Certainty Principle.png	https://img.game8.co/4265911/dd88935b9124682dc5e4162034aeb7b2.png/show
Jaunt.png	https://img.game8.co/4265905/1e7ff2e87a593702202b47440a5e3c47.png/show
Meltdown.png	https://img.game8.co/4265909/ca78663679f63d406583f487b8493b72.png/show
Nuclear Winter.png	https://img.game8.co/4265902/5254e6d2d5a8e4a73047dd0c4bcd1d70.png/show
Violent Horizon.png	https://img.game8.co/4265904/229ff4dab93c6cc17e2896fa81a8c0bb.png/show
Chain Reactor.png	https://img.game8.co/4265821/efd0c471c30af8b93e986b6ee0a5d035.png/show
Demon Core.png	https://img.game8.co/4265825/184b1fbd39a0e42c9d95fb8683e8bee4.png/show
Dirty Bomb.png	https://img.game8.co/4265822/93d7de37bf57ffd5f7a1230d1250e418.png/show
Fissile Launcher.png	https://img.game8.co/4265810/d660bda8f0a36cb14e1c16f128957139.png/show
Glow Up.png	https://img.game8.co/4265811/bd78d265001dda55485533d3aea217d8.png/show
Poisoned Sun.png	https://img.game8.co/4265816/e3dcc2bc73ec2ed0668b94dd8a4d2e72.png/show
Special Purpose Magnets.png	https://img.game8.co/4265818/a50e4a68ba97c3448634f5ac08952fba.png/show
Wasted.png	https://img.game8.co/4265809/5ff7041a39be76e41daaa6f58dd88a94.png/show
Cold Plunge.png	https://img.game8.co/4265868/9b4e89af060012f05b45d4f34718dd0f.png/show
Cold Storage.png	https://img.game8.co/4265875/6826c48319dfbfc7bac541055388a171.png/show
Endothermic Reaction.png	https://img.game8.co/4265876/8519734dd80dea3a631a185e95026117.png/show
Flash Freeze.png	https://img.game8.co/4265867/373faae54b7b8905d9dcad3c5a3c4a29.png/show
Heat Sink.png	https://img.game8.co/4265878/4821fc9d84bd3338713a6cf5d1c1876b.png/show
Keep Ice On That.png	https://img.game8.co/4265870/ece7d2dd13d50340210f95b046c70a82.png/show
Triple Point.png	https://img.game8.co/4265881/4b99616d4bf22369af48f78237686b42.png/show
Unstable Ice-otope.png	https://img.game8.co/4265877/396b7c4b31f802cee0dc7f11b0ab1ce7.png/show
Accretion.png	https://img.game8.co/4265918/d6b26afb0db838b3f7986b8e5a7a1760.png/show
Annihilation.png	https://img.game8.co/4265917/ce0583a2566ac5f095f2701951255857.png/show
Distribution Function.png	https://img.game8.co/4265910/221cfb144590fcba99e220da2cd192ee.png/show
Excited State.png	https://img.game8.co/4265919/ca1d757df5c66ace4a648c2ff08ce08e.png/show
Group Study.png	https://img.game8.co/4265885/11be2ba0ace6242cd192d9e6642df249.png/show
Pencils Down.png	https://img.game8.co/4265920/d914b13a29b959cfcf88e2f9d0b65849.png/show
Perpetual Engine.png	https://img.game8.co/4265903/ff470ad3acf60895e72c2eb6b92f2ead.png/show
Refraction.png	https://img.game8.co/4265916/bf630575b5f0cb01816ff5d5801accb5.png/show
Alternative Fuel Source.png	https://img.game8.co/4265823/f49d9c66fee1c4899edf7f5074139753.png/show
Containment Breach.png	https://img.game8.co/4265824/43d85bc899438fd732035acdcfd16088.png/show
Eureka!.png	https://img.game8.co/4265815/2414eb83f9c54406cf445f1ea3fed7cc.png/show
Highly Efficient.png	https://img.game8.co/4265812/66b3a02953b86c8733837299d5ca9c4f.png/show
Mechanical Brilliance.png	https://img.game8.co/4265814/152fe24f3d85784546b649feeec0f9dc.png/show
QED.png	https://img.game8.co/4265791/01cb82608362d844136464887fc4c77f.png/show
Rounding Up.png	https://img.game8.co/4265813/9535d5e3cae189f862a901787c07e9d0.png/show
The Shattering Light.png	https://img.game8.co/4265820/c9cc4ecf5e40c575b66b52daeeda60b6.png/show
Domino Effect.png	https://img.game8.co/4265866/a114d00ebb6bccb1a6a0141f9cb54165.png/show
Experimentation.png	https://img.game8.co/4265869/80f0788d4e662269161a62f7fce37840.png/show
Gordian Knot.png	https://img.game8.co/4265847/dc5a5eddee8a8a38c9464db51830b18e.png/show
Ground State.png	https://img.game8.co/4265879/914a60fac7467845e56836bf3bdd8388.png/show
Indiscrete Math.png	https://img.game8.co/4265872/81a42fd3a1217e54310b615801911917.png/show
Inertia.png	https://img.game8.co/4265871/fb1307e5f4d505b9978482fe1a9a4a0d.png/show
Sustained Reaction.png	https://img.game8.co/4265874/e946f8d6fdad74a3154927c2f4f6f1a1.png/show
Abajo.png	https://img.game8.co/4265473/b47ea9ecb129b9d62679f01e31d8bd8f.png/show
Al Centro.png	https://img.game8.co/4265470/ca69ec0521d2827a823767dacb587f7e.png/show
Arriba.png	https://img.game8.co/4265464/c6938f0e28afcf508bbae1cd24a5e7ae.png/show
Battery Subscription Service.png	https://img.game8.co/4265468/183f6722fe1760b0d0d9cc339b957604.png/show
First Impression.png	https://img.game8.co/4265465/3dabe850b5ff6f43aca08b2ea1f43106.png/show
Las Jaras.png	https://img.game8.co/4265463/9e5e69fce8d73f666db5daa81f3264e6.png/show
Metal Management.png	https://img.game8.co/4265475/885716dab6e3fbafea0c7a1caab6c75d.png/show
Pa' Dentro.png	https://img.game8.co/4265471/692cc0bdeb917b9c0989881d0c5cdae0.png/show
Preparado.png	https://img.game8.co/4265469/a4c7b042efeb11483aafc9c55379a72f.png/show
Rinse.png	https://img.game8.co/4265462/fc79b5c2153156dd60d2afa65f4af480.png/show
Sangre por Sangre.png	https://img.game8.co/4265467/d87133a7a1072002352ba43eca3cace3.png/show
The Thrill (Rafa).png	https://img.game8.co/4265466/7ca3ae57f7baa02101fe4f1e47583705.png/show
Bullet-Buddy Deluxe.png	https://img.game8.co/4265555/d2dc1426c465cb22140b855c382cef30.png/show
CYA.png	https://img.game8.co/4265551/f994052ef2770d6d612744b684246b4e.png/show
Deft Hands.png	https://img.game8.co/4265547/1d1fca3aac75df47026ea6a711e1622a.png/show
El Valiente.png	https://img.game8.co/4265565/aba9aa8f532a44678ee5df4b4ecaf762.png/show
Field Repairs.png	https://img.game8.co/4265553/8614d82567411f0e01f4797aff804c3d.png/show
Instinto.png	https://img.game8.co/4265552/bdd9f1126f8f5ea92abddcdc150f07dc.png/show
Juerga.png	https://img.game8.co/4265550/af51d7d047b544db6002e2e74b966ce3.png/show
Maestro.png	https://img.game8.co/4265556/f07a6a6ae694986316544539199aaf71.png/show
Resiliencia.png	https://img.game8.co/4265549/985e89c328656956f9c0dc8fd7805fad.png/show
Shield Barriest.png	https://img.game8.co/4265554/aaba5b9bdbb5074bec165ea8b28d67ca.png/show
Sitiar.png	https://img.game8.co/4265546/b018ac42f6994c8866f8047ef3e5f201.png/show
Venganza.png	https://img.game8.co/4265548/dfdd2aed868c66eb0e53cd9a1a564415.png/show
Altered Cabron.png	https://img.game8.co/4265596/6c4b3c199e2c3248993a524106470575.png/show
Dead Man Walking.png	https://img.game8.co/4265600/6c87be77426bbe2e4eb2de7ba89d6447.png/show
Dial In.png	https://img.game8.co/4265599/62c14a6e458ec357d31066444b1fda06.png/show
Diamond Hands.png	https://img.game8.co/4265592/1deb28078a5d18de57ec6fcf9968f950.png/show
El Corazon.png	https://img.game8.co/4265594/f7aedbf70987319bd8a04a1ef68887d4.png/show
Expedite.png	https://img.game8.co/4265593/ed828c2677d7acf2c42c655220564187.png/show
Handshake Deal.png	https://img.game8.co/4265591/9daa722b96418abc134e078818822e82.png/show
Hard Sell.png	https://img.game8.co/4265598/6a6623c12b7180a6bf7eedc71fec94e4.png/show
In the Zone.png	https://img.game8.co/4265621/4454898a7bf6b349736873e2d3223dab.png/show
Midnight Oil.png	https://img.game8.co/4265590/4aaa6a50a1ad9721b436002e0c4f829d.png/show
Saldar.png	https://img.game8.co/4265597/3688bb04360e33d2739298001622497e.png/show
To the Last.png	https://img.game8.co/4265595/e60a0d1380f0c7f988907613f7eeca60.png/show
Awe.png	https://img.game8.co/4265477/ff8b654aee8fdabdf108d758de02c8e9.png/show
Brain Dump.png	https://img.game8.co/4265480/1cbeac6112f8ff2a29197140bb261a8e.png/show
Conductivo.png	https://img.game8.co/4265476/fefe85fe6308672ebff2c01cab740159.png/show
El Catri­n.png	https://img.game8.co/4265474/23d63ade6e00599ef6a64a8db7cb2e7f.png/show
Fiesta.png	https://img.game8.co/4265472/77ec153ef0c4e373b335df772581d36f.png/show
Ojo Rojo.png	https://img.game8.co/4265481/9d869142ef98d113eae1d631c96f1260.png/show
PROJECT Raiju.png	https://img.game8.co/4265479/dd819a490784c96e244daf2fefc24fb0.png/show
Asymmetric Warfare.png	https://img.game8.co/4265559/b6583d8756a9f4bff32f5589186e1572.png/show
Double-Ought Autoshot.png	https://img.game8.co/4265562/9a407cea4729a81637032150ae37a92a.png/show
Errant Spark.png	https://img.game8.co/4265569/f28f478dfb59f3e8d90d26ae4a0dd287.png/show
Hell in a Shell.png	https://img.game8.co/4265561/f65efddd6876eee894f26601dfb1d0e8.png/show
Hostile Acquisition.png	https://img.game8.co/4265558/fd2551351907036c3c35ba788a5bf359.png/show
Lateral Plinking.png	https://img.game8.co/4265557/2c66711ecaab06dc6bf10e2d4814e33e.png/show
Proprietary Incendiary.png	https://img.game8.co/4265563/b44c8e058e13ec19929138b875e75e98.png/show
Rolling Stone.png	https://img.game8.co/4265560/3892049e2af9c355a3c1321907e06e04.png/show
Blowout.png	https://img.game8.co/4265602/17dd02b6939225395b6bc8975c79eab9.png/show
El Paraguas.png	https://img.game8.co/4265603/f476996ab63554f15cae025121b17086.png/show
Huracan Especial.png	https://img.game8.co/4265609/8e580245c17404b2d103385f81d4e953.png/show
Liquidation.png	https://img.game8.co/4265601/57e34449936490869591017b91dc7312.png/show
Protecto-Pulse.png	https://img.game8.co/4265604/06a4efb9f3a05cae24b08f912a094dc4.png/show
Shock Market.png	https://img.game8.co/4265607/8cf5ba314182a588a9d452b44d8fea65.png/show
Thundercutter.png	https://img.game8.co/4265606/cf57d928b43c1d4d8c2a52cb0e983f3f.png/show
Debtonation.png	https://img.game8.co/4265482/3b96a46488bc7f4951b23e2b90f1dfab.png/show
Drone Assault.png	https://img.game8.co/4265492/0a321f63fe8ee54fd86856b4289dae74.png/show
Drone Defense.png	https://img.game8.co/4265478/5b6da3f0d6397b4b7664fc3f2579aaa1.png/show
El Soldado.png	https://img.game8.co/4265485/053d79611742d565b93493d25204995e.png/show
Gibistruct Module.png	https://img.game8.co/4265484/d238e370e6f9f220f03d11ed7cb511bb.png/show
PROJECT Basilisk.png	https://img.game8.co/4265490/dd6736a7349033cb79ad82cf9cf035b4.png/show
The Right Tools.png	https://img.game8.co/4265494/b574813357a8653ddd561fa5a19dd5dd.png/show
Beam Team.png	https://img.game8.co/4265579/d83f226f4aadbba06c580fd56ef899e0.png/show
Concentrated Build-Up.png	https://img.game8.co/4265567/1f396ee018d8f26aada5d1c17d6d16b7.png/show
Confeti.png	https://img.game8.co/4265564/31389deb6be0885a6846f8dadc8002ba.png/show
El Alacran.png	https://img.game8.co/4265568/375150aa85379ac57d01b6aa15894b3a.png/show
Inspirado.png	https://img.game8.co/4265575/668622b90b7246f74eaf4de61c4b72d0.png/show
Insta-Fort Battle System.png	https://img.game8.co/4265578/2c01742241a08660e7c0ca726b08fc0f.png/show
Pain Reaction.png	https://img.game8.co/4265570/0cab1ab3754616e9dede50a3b9e16b71.png/show
Vitriol.png	https://img.game8.co/4265572/737233aadfcdcaae0eb26c61bd83be8e.png/show
Artilleria.png	https://img.game8.co/4265605/78fad842653e1b45a4a2aaaa70843441.png/show
Booming Business.png	https://img.game8.co/4265612/73ace62853a3d99b4e0468e5bc44dbd3.png/show
Collaborative Ignition.png	https://img.game8.co/4265622/edb6b6aca742371bff18e55b218c97c2.png/show
El Diablito.png	https://img.game8.co/4265611/145b7d90d0102be83bb35f3008851ea9.png/show
Hemolitions.png	https://img.game8.co/4265617/cccd990ca773da3b0e603bea62b81d87.png/show
Inferno Protocol.png	https://img.game8.co/4265615/7d15d299592f9472b3c4c61e08baab1a.png/show
Parting Gift.png	https://img.game8.co/4265610/9e1e192a453f01c9a3f04e23a953b11c.png/show
Sinergia.png	https://img.game8.co/4265613/e0d3075a69b46101d5360e760f1d05bc.png/show
Deadline.png	https://img.game8.co/4265491/67a24bc454248d7dc2389d7b617c9a62.png/show
Engorged Bore.png	https://img.game8.co/4265493/7f9dc1305f94a6e1d8755258b190c432.png/show
Jaque.png	https://img.game8.co/4265487/0bae250413b6ef948027dd4a87e1f76a.png/show
La Garza.png	https://img.game8.co/4265486/7d21acf16ae03ece35d267602e1d54a4.png/show
Mate.png	https://img.game8.co/4265483/23f6452206f5267fac03bf147564bcc7.png/show
Per My Last.png	https://img.game8.co/4265488/8dcacd09f7133642d23c33bf5f00e5b5.png/show
PROJECT Gorgon.png	https://img.game8.co/4265489/7a5405f6ba48bfeb7bdbdc19fc8d2172.png/show
Barrage.png	https://img.game8.co/4265566/3285b4341735094cabebb6da4b7ed21f.png/show
Devil-May-Care.png	https://img.game8.co/4265580/f741f29c40bc56352ade73e1a2695b4f.png/show
Everdrive.png	https://img.game8.co/4265571/8ce6a7e63c142721b20b933b970299a3.png/show
Soltado.png	https://img.game8.co/4265576/52e7afd55f765439af23dc35916a4e83.png/show
Temerario.png	https://img.game8.co/4265577/772c2d1ac97b2f43ef18445c91927291.png/show
Unmissable Missiles.png	https://img.game8.co/4265574/e78dd1c21e220978c24db319ed2bba6e.png/show
Volatile Hollowpoints.png	https://img.game8.co/4265573/c0e0e8605ffb81297d90e34dc23766ba.png/show
Acid Drop.png	https://img.game8.co/4265618/551e8b467e97b23084cdccfd146140e3.png/show
Cruel Accrual.png	https://img.game8.co/4265623/33f4c78d93fc21643f83e9bd9efe6e61.png/show
El Borracho.png	https://img.game8.co/4265619/85c0cea40dea857f90bd89113d0bd254.png/show
Empuje.png	https://img.game8.co/4265608/b11f9cf484e0aea79daf1c9250a2b61a.png/show
Galvanic Panic.png	https://img.game8.co/4265614/bd415db2558ca3a19d46cb64e6ff4d57.png/show
Motivar.png	https://img.game8.co/4265616/c713045865089026973b529d0fdee28e.png/show
Sustainable Energy.png	https://img.game8.co/4265620/17ecc8b0a51db808f63482493c397a32.png/show
Blink Strike.png	https://img.game8.co/4265093/955aef109173046144d3c776a40b6af3.png/show
Blood is Magic.png	https://img.game8.co/4265091/590b1d18bb78d54ef428341e18a7a8e5.png/show
Claw and Bang.png	https://img.game8.co/4265099/d11d96212e8337d4d5ba50ed9d17ea05.png/show
Enchantment.png	https://img.game8.co/4265101/3d730c891bbc4bcdd3dd935404b3423d.png/show
Grave Command.png	https://img.game8.co/4265113/4a5a1c61f54928a89935d4519b1e46e0.png/show
Grave Sustenance.png	https://img.game8.co/4265102/b8f535d6458941465f5f03ed56e32273.png/show
Hasty Fiends.png	https://img.game8.co/4265098/c160b03df1868387fbccfddf4aeccafb.png/show
Mourning.png	https://img.game8.co/4265105/e1454abb3bd1ff8aa095c1e384f2ff1d.png/show
Overheal.png	https://img.game8.co/4265110/cb4dd6fb5416fd3042e4b395b57e567b.png/show
Overprotective.png	https://img.game8.co/4265122/a50e41447745727f739d3dd8bc807cb1.png/show
Violent Outburst.png	https://img.game8.co/4265125/71363f5f43d5d7863bf334ef4a8a69b7.png/show
Vorpal Fiends.png	https://img.game8.co/4265111/abbb3446650f1823c5c6998221769e3b.png/show
Yowl and Bay.png	https://img.game8.co/4265089/77b33c0bf62143ae549d779aa14fe1eb.png/show
Blood Sacrifice.png	https://img.game8.co/4264940/7c2d6cc88a77cbf59912c135181fc213.png/show
Cold Iron.png	https://img.game8.co/4264942/f1e5fbe9b7f97337ec9aa6a09f5eb546.png/show
Coven.png	https://img.game8.co/4264963/2db133c771a9593748c71f03121f4bb3.png/show
Cursed Blade.png	https://img.game8.co/4264934/a9454a6906b512c87c93ea2bcae8a014.png/show
Extra Cursed.png	https://img.game8.co/4264944/9f3210b4e533a1e152b6d4be7bc3ddac.png/show
Fell Inscriptions.png	https://img.game8.co/4264941/a60fde8376a989bb7e1fb8d87e72d543.png/show
Ghast Blaster.png	https://img.game8.co/4264954/eef2f3dc998c3113a467b9f52645b965.png/show
Grave Assault.png	https://img.game8.co/4264951/ebd0d39fe5776bdb2f5d31590ef260b2.png/show
Grave Fiends.png	https://img.game8.co/4264952/9a3ebbb6f9672b743380d906bd8fa808.png/show
Grave Quickening.png	https://img.game8.co/4264957/3e6880405866e0d6e6e02313ba36664b.png/show
Idle Hands.png	https://img.game8.co/4264967/9a1d35da7d47354b97f3275cf23543ba.png/show
Portents of Suffering.png	https://img.game8.co/4264953/6a3741e010fd0eb9af57bb7edb81d44d.png/show
Sanguine Fiends.png	https://img.game8.co/4264965/2f040037b2e6072b9c293225890d3cd2.png/show
Bloodletter.png	https://img.game8.co/4265040/e2fcfb1f2ecbbc9f7a14a4c09564254a.png/show
Channeling.png	https://img.game8.co/4265052/3b20b71fec707669d22d74dee0729bbc.png/show
Energy Vampire.png	https://img.game8.co/4265047/2abd1fc4312ca780c7a9ab9f033bb822.png/show
Fiendish Invigoration.png	https://img.game8.co/4265046/f95312a67b298b6b0bc218eff0c3ccd0.png/show
Geistwave.png	https://img.game8.co/4265045/cc6776272be9a4906e90191dd92deb61.png/show
Grave Implements.png	https://img.game8.co/4265042/f8e53208ba0ac7e03acbe132f98da663.png/show
Grave Power.png	https://img.game8.co/4265056/21869cdd8e03f275851680f9ec13c5f0.png/show
Grave Sights.png	https://img.game8.co/4265021/56ad9e6984e8f34b1be552e114a79d57.png/show
Guns and Needles.png	https://img.game8.co/4265025/fe8d71bc95a129489629b39a9ca02c9c.png/show
Leeching Attunement.png	https://img.game8.co/4265027/743dba96d52376bb91728a731bd76254.png/show
Material Components.png	https://img.game8.co/4265028/b18127a8b4650e2463171de956087075.png/show
Target Prescience.png	https://img.game8.co/4265054/ebba7e96220b98a0e02508c5de0ce3ab.png/show
Volatile Essence.png	https://img.game8.co/4265033/3b00d67f8c1306e39eff993208ea7409.png/show
Blast Rites.png	https://img.game8.co/4265096/cb10167f351b349ceb531b2680d374d1.png/show
Blasted Fiends.png	https://img.game8.co/4265095/6708e12aaf0b5b234cf90c282509367a.png/show
Corporeal.png	https://img.game8.co/4265090/3ba0ffb35f835e93aefe438d8585ec5a.png/show
Hexus Nexus.png	https://img.game8.co/4265104/3401170cfc489746e5daaa90f348de4c.png/show
Icy Attunement.png	https://img.game8.co/4265119/17cbc853553c9b53554a40dd8eda8e67.png/show
Overspirited.png	https://img.game8.co/4265106/e64f25738dc0855d0e2f75e41f8b6e79.png/show
Shiver.png	https://img.game8.co/4265108/670a646ba2331f89f25c14bdd7f48bfd.png/show
Trouble Bubble.png	https://img.game8.co/4265120/ff9bbc678079c56adad76ab32879ffb8.png/show
Blight Attunement.png	https://img.game8.co/4264938/2f5ed8af66edeccf37485c91ce1202a8.png/show
Ghasterbait.png	https://img.game8.co/4264946/43c0317dbc12844c3378138da7ed0d04.png/show
Heirloom.png	https://img.game8.co/4264966/c9bb1aa32f4b26872a7fe43695663012.png/show
Keen Suffering.png	https://img.game8.co/4264950/c4fc3f2391497bee16af0bf07f97b57a.png/show
Necrosis.png	https://img.game8.co/4264945/e226699a72ac8e396e3e38a60f1f95b7.png/show
Prismatic Ichor.png	https://img.game8.co/4264964/07d88c65d2eb199afe570b228261d236.png/show
Shot to Go!.png	https://img.game8.co/4264955/b97ed7bfe9d73b16ccdbd1bb66bc70fb.png/show
Wither.png	https://img.game8.co/4264962/25112d6a840cf3d1c630d454bf3a1e79.png/show
Conjunction.png	https://img.game8.co/4265041/195576ec1712b6746259641bd8f8d938.png/show
Desecration.png	https://img.game8.co/4265048/bccdaa812e3c8f35a35948c862d774f8.png/show
Dreadlight.png	https://img.game8.co/4265050/5c329154d9c7cf45a6f124ba84ab0557.png/show
Full Moon.png	https://img.game8.co/4265036/1a19c66b378051523acd7c16f140f720.png/show
Havoc.png	https://img.game8.co/4265032/eee30636d2b3102e5bbb554b7105ba72.png/show
Iron Maiden.png	https://img.game8.co/4265044/0e8a8fa905707779bbe1e71d85b81093.png/show
Radiant Attunement.png	https://img.game8.co/4265029/1482a4cf5c0a74182225b59c2549b846.png/show
Restorative Tonic.png	https://img.game8.co/4265030/3eb9e1d5b4ce97779fec33cb34c869de.png/show
Double Trouble.png	https://img.game8.co/4265103/4b1af647ce9a4e4fbcd7d43260a58f85.png/show
Elemental Essence.png	https://img.game8.co/4265097/8ac9254a03e3465d3ed64b3a9ee47ceb.png/show
Infernal Sum.png	https://img.game8.co/4265115/84323c19ec6e21cb4ad92eb62ebcab1e.png/show
Keen Fiends.png	https://img.game8.co/4265117/0b582238e9601822c5166fd4c72d180e.png/show
Reawakening.png	https://img.game8.co/4265116/3be733ba19da72c47f1d82b9525b5c34.png/show
Sacrificial Essence.png	https://img.game8.co/4265121/7de51ae77c3d8e333eb69d30e17fce61.png/show
Tail Whip.png	https://img.game8.co/4265109/a9ad545dad970c0cff9c5c4ddaf78a19.png/show
Vorpal Fang.png	https://img.game8.co/4265124/595bcb9a35ece55f3f5a448546cf5287.png/show
Burning Attunement.png	https://img.game8.co/4264933/97ee37c214a42a830c56859b5280823b.png/show
Burnt Offering.png	https://img.game8.co/4264937/c2d3fcfbacd174393ab88f4ca7604694.png/show
Grim Reaper.png	https://img.game8.co/4264960/2823960f6b2747b32de1b964706e7bb2.png/show
Haruspex.png	https://img.game8.co/4264959/8034614f25ad7ecced097ca44512ff31.png/show
Hellish Harvest.png	https://img.game8.co/4264958/c75d97ac68f7e8d8c1b34814d1c105d6.png/show
Pincushion.png	https://img.game8.co/4264949/1d1675dc920daa2eb06d17d110eb5b98.png/show
Recurrence.png	https://img.game8.co/4264956/c0f9eae1ff20a21b4d671dce981fff57.png/show
Reverburnations.png	https://img.game8.co/4264948/6c49e39e8eed1cb9b7286908a4abd1d9.png/show
Drink Full.png	https://img.game8.co/4265055/dfc27b6102740802a97e6a5ca61aeef3.png/show
Grave Elements.png	https://img.game8.co/4265037/bff6970c5d40e507ac28481e186777a7.png/show
Keen Mind.png	https://img.game8.co/4265024/0becbbff92c95d6a6f4095cea0637e6e.png/show
Mortal Terror.png	https://img.game8.co/4265031/dbc705df0a8957e7aca831a923a6d334.png/show
Phase Pocket.png	https://img.game8.co/4265023/018e7294765382ca24e0125557b1b35d.png/show
Strike Me Down.png	https://img.game8.co/4265026/2008ece865ab96cbe3dda4793a4f5276.png/show
Vibe Check.png	https://img.game8.co/4265035/0b41af645b2e6ba7839d526362d23978.png/show
Witchy Trigger Finger.png	https://img.game8.co/4265049/1c33c983e7ca07c2d0e28253320ab015.png/show
Beast Mode.png	https://img.game8.co/4265094/7398da197b7331f49dd8423e1c60b5f5.png/show
Deadwire.png	https://img.game8.co/4265092/2cc97840e42e7d515b113e835f0faf2f.png/show
Grave Current.png	https://img.game8.co/4265100/b121e3dc7a8239e31998e044a6da8616.png/show
Grave Thirst.png	https://img.game8.co/4265112/4ff85d1b19187ef04e782aeee167cb3c.png/show
Infusion.png	https://img.game8.co/4265107/9df3a1bcc4d970cbe52a6b8a5a53e86f.png/show
Shocking Attunement.png	https://img.game8.co/4265118/bf743e7dee6e492846a339c975d60d60.png/show
Stormblessed.png	https://img.game8.co/4265123/778fed7ef13adab5a6d9463b08189916.png/show
Unsealed.png	https://img.game8.co/4265114/d37c9cf9e974e12c6fd6720d0a50c6c8.png/show
Ancient Rites.png	https://img.game8.co/4264935/337e4bece327953915c3b1e35c9b443b.png/show
Banshee's Wail.png	https://img.game8.co/4264969/effaea58fc309a44b4e8b941c0cf5ed2.png/show
Dark Pact.png	https://img.game8.co/4264971/8428a5b618b0212decf67bc9e9cbef16.png/show
Death Follows Closer.png	https://img.game8.co/4264936/c6034857b9019a0ea474ae28e962dea4.png/show
Diener.png	https://img.game8.co/4264943/372ad7e2dc19cfc0cc9977d73914d3d3.png/show
Obedient Fiends.png	https://img.game8.co/4264968/0f841991d94491b1d43eb3a3b3d36422.png/show
Prismatic Weaponry.png	https://img.game8.co/4264947/e646bfd9f6697fbec01f996e63c32440.png/show
Spirit Bomb.png	https://img.game8.co/4264961/f1c6bb6db317c32b283496d5854e2d96.png/show
A Deeper Grave.png	https://img.game8.co/4265051/22e8deb561d6bc21c112dd8d19eb8213.png/show
Ars Arcana.png	https://img.game8.co/4265034/130c1385a7191583c41e4737a82b1cf5.png/show
Blood Is Power.png	https://img.game8.co/4265053/f08f63c8564c64b6820fbfd08eb9ba39.png/show
Blood Shot.png	https://img.game8.co/4265039/9d577dded1c8f28c199554d3f17b639a.png/show
Essence Leech.png	https://img.game8.co/4265057/e2c553cec5a0e276168bd035e0be3556.png/show
Grave Harvest.png	https://img.game8.co/4265038/88998aac4d90f5dc93e285c7cd9c3bc3.png/show
Grave Vitality.png	https://img.game8.co/4265022/05cf4782b3307c169350ee0d37f543c6.png/show
Heartpiercer.png	https://img.game8.co/4265043/f9b802a804f5999d955130789188ae7e.png/show
